ID,Name,Address
DK7249213370,Kvalitets Energetic Systemer ApS,"Kirkevej 28, 7500 Holstebro"
DK2067970820,Skandinavisk Integrated Byggeri Group,"Engvej 52, 1500 København V"
DK2445662585,Hvid Teknologi IVS,"Mosevej 4, 7800 Skive"
DK7648059419,Øst Fødevare ApS,"Algade 124, 2630 Taastrup"
DK7393195616,Dansk Partner Tekstil Gruppe,"Kastanjevej 109, 5800 Nyborg"
DK9462806178,Syd Prime Drikke IVS,"Kastanjevej 64, 1000 København K"
DK5693307665,Fødevare Holding,"Åvej 146, 2800 Lyngby"
DK7271954644,Jysk Spedition,"Jasminvej 41, 8600 Silkeborg"
DK2625792787,Ingeniør A/S,"Egevej 81, 1000 København K"
DK6924716023,Europæisk Premium Byggeri,"Havnevej 34, 8900 Randers"
DK2274350418,Bronze Lager,"Bakkevej 14, 7000 Fredericia"
DK6288227800,Europæisk Universal Systemer,"Klostervej 134, 3600 Frederikssund"
DK3030106617,Jysk Fødevare Group,"Skovvej 103, 2000 Frederiksberg"
DK3694860228,Drikke P/S,"Birkevej 48, 9000 Aalborg"
DK6320115677,Handel Gruppe,"Slotsgade 42, 2800 Lyngby"
DK5296710795,Spedition P/S,"Kongensgade 101, 2670 Greve"
DK7825844140,Fynsk Systemer Holding,"Torvet 33, 5800 Nyborg"
DK9986353481,Rød Eco Engros,"Bakkevej 108, 2800 Lyngby"
DK6884882440,Guld Butik,"Nørregade 84, 3000 Helsingør"
DK4696689457,Rød Spedition,"Engvej 114, 3660 Stenløse"
DK1104906255,Bronze System Lager Holding,"Klostervej 10, 4700 Næstved"
DK3691864041,Grøn Organic Byggeri,"Tulipanvej 96, 3400 Hillerød"
DK8943866829,Sort Fragt,"Strandvejen 38, 6100 Haderslev"
DK4026113008,Butik Gruppe,"Hasselvej 123, 5700 Svendborg"
DK9691572571,Nord System Butik,"Kirkevej 135, 2100 København Ø"
DK4745927824,Bronze Safe Spedition,"Lillegade 52, 7800 Skive"
DK6124453431,Tekstil Koncern,"Slotsgade 25, 3520 Farum"
DK7292076361,Skandinavisk Fødevare,"Lupinvej 37, 6000 Kolding"
DK5033992825,Kongelig Budget Teknologi Holding,"Tjørnevej 139, 3000 Helsingør"
DK2503068227,Vest Quality Teknologi P/S,"Dronningensgade 104, 6000 Kolding"
DK8868054898,Systemer Gruppe,"Platanvej 38, 3500 Værløse"
DK9526836552,Kongelig Møbel Group,"Jernbanegade 5, 1500 København V"
DK4482238042,Systemer I/S,"Elmevej 66, 5800 Nyborg"
DK8168204967,Sjællandsk Expert Fødevare Holding,"Mosevej 54, 7000 Fredericia"
DK1519709079,Sort Løsninger,"Havnevej 93, 7800 Skive"
DK7483366056,Kvalitets Systemer,"Hovedgaden 8, 2650 Hvidovre"
DK7161404428,Fødevare P/S,"Parkvej 107, 3460 Birkerød"
DK1106456634,Drikke Group,"Dronningensgade 82, 4300 Holbæk"
DK1041531046,Blå Fødevare A/S,"Elmevej 37, 3400 Hillerød"
DK1470939445,Grøn Detail,"Jernbanegade 6, 5800 Nyborg"
DK9410288290,Sølv Royal Lager,"Højgade 118, 8700 Horsens"
DK3363629219,Sjællandsk Fine Drikke Koncern,"Poppelvej 18, 2750 Ballerup"
DK5996775663,Detail Holding,"Søndermarken 84, 1500 København V"
DK2627677155,Rød Better Forarbejdning,"Møllevej 126, 5000 Odense C"
DK2982979741,Skandinavisk Standard Ingeniør,"Solsikkevej 24, 5800 Nyborg"
DK4289233844,Nord Link Fragt,"Solsikkevej 31, 7000 Fredericia"
DK7010379415,Sjællandsk Systemer Holding,"Stationsvej 94, 8700 Horsens"
DK5419627962,Løsninger I/S,"Syrenvej 17, 5000 Odense C"
DK4239406957,Guld Lager,"Ringvejen 59, 2200 København N"
DK6859286614,Kongelig Lager,"Lærkevej 78, 8800 Viborg"
DK7114223633,Ingeniør ApS,"Skolevej 104, 8800 Viborg"
DK7852415525,Hvid Ingeniør,"Klostervej 95, 2630 Taastrup"
DK5160575046,Rød Service Ingeniør K/S,"Industrivej 18, 9900 Frederikshavn"
DK9333798503,Sølv Fødevare,"Østergade 124, 4400 Kalundborg"
DK7380780055,Hvid Rapid Møbel,"Industrivej 24, 7800 Skive"
DK4070964768,Guld Top Rådgivning,"Sct. Annagade 22, 7100 Vejle"
DK6493800024,Fynsk Forarbejdning,"Bellisvej 26, 2100 København Ø"
DK6237376063,Skandinavisk Handel I/S,"Bredgade 29, 5000 Odense C"
DK8934927891,Skandinavisk Systemer I/S,"Søndergade 28, 2750 Ballerup"
DK8047877267,Kongelig World Teknologi,"Skolevej 113, 8000 Aarhus C"
DK5710360983,Rød World Systemer,"Parkvej 113, 3000 Helsingør"
DK3710566582,Sjællandsk Master Lager,"Adelgade 146, 1000 København K"
DK8982597239,Handel ApS,"Åvej 85, 4600 Køge"
DK1654477195,Dansk Tekstil A/S,"Kløvervej 137, 4800 Nykøbing F"
DK2867302554,Sølv First Fødevare ApS,"Platanvej 145, 7000 Fredericia"
DK8664882079,Skandinavisk Bio Teknologi,"Tjørnevej 109, 2820 Gentofte"
DK1116402431,Fragt Gruppe,"Jernbanegade 35, 3460 Birkerød"
DK5078551333,Hvid Support Engros I/S,"Tulipanvej 140, 7800 Skive"
DK1983297492,Skandinavisk Tekstil Gruppe,"Storegade 31, 7500 Holstebro"
DK2232285036,Fødevare K/S,"Syrenvej 40, 7800 Skive"
DK5567816720,Guld Swift Byggeri,"Storegade 91, 4200 Slagelse"
DK2948728483,Sølv Next Lager,"Elmevej 91, 1500 København V"
DK2181241943,Industri Group,"Lavgade 49, 2820 Gentofte"
DK3555656321,Europæisk Handel,"Dalvej 83, 2100 København Ø"
DK8987073217,Bronze Drikke Holding,"Lærkevej 105, 6100 Haderslev"
DK3361388464,Tekstil K/S,"Vestergade 146, 7500 Holstebro"
DK2785736751,Jysk Tech Drikke I/S,"Hovedgaden 91, 4600 Køge"
DK4700855390,Guld Møbel,"Algade 105, 7000 Fredericia"
DK9805620900,Rød Value Drikke,"Engvej 35, 7400 Herning"
DK1955345537,Grøn Rådgivning,"Solsikkevej 79, 2650 Hvidovre"
DK1817804383,Øst Help Fødevare IVS,"Engvej 98, 4600 Køge"
DK8370987661,Nord System Møbel,"Syrenvej 90, 3660 Stenløse"
DK2439622619,Guld Master Detail,"Fasanvej 72, 7400 Herning"
DK5951406973,Kongelig Rådgivning A/S,"Parkvej 42, 3520 Farum"
DK4919706735,Skandinavisk Fragt Koncern,"Kløvervej 135, 2820 Gentofte"
DK3376077463,Sjællandsk Link Engros,"Havnevej 119, 2000 Frederiksberg"
DK5607762160,Gul Creative Møbel,"Birkevej 92, 2000 Frederiksberg"
DK8995970241,Lager Holding,"Platanvej 88, 6100 Haderslev"
DK3980491761,Kvalitets Butik,"Ahornvej 99, 2620 Albertslund"
DK3660223333,Gul Teknologi,"Stationsvej 72, 8800 Viborg"
DK9894847574,Guld Organic Butik,"Strandvejen 90, 4000 Roskilde"
DK3849232839,Bronze Detail,"Adelgade 11, 2200 København N"
DK9703905715,Skandinavisk United Teknologi A/S,"Syrenvej 120, 4600 Køge"
DK4274958945,Sjællandsk Forarbejdning P/S,"Kastanjevej 145, 2650 Hvidovre"
DK9597198563,Blå Active Fødevare Gruppe,"Algade 65, 2000 Frederiksberg"
DK9421518487,Dansk Handel,"Dronningensgade 31, 2820 Gentofte"
DK8110054933,Fragt Koncern,"Egevej 111, 3600 Frederikssund"
DK4163119785,Kongelig Swift Butik,"Tjørnevej 101, 3600 Frederikssund"
DK4853479481,Sort Help Spedition,"Birkevej 3, 2200 København N"
DK7045593274,Bronze Safe Industri,"Skolevej 8, 2630 Taastrup"
DK9573276057,Jysk Fødevare Holding,"Dronningensgade 91, 3660 Stenløse"
DK1251837136,Detail IVS,"Rosenvej 76, 8700 Horsens"
DK9155819200,Lager IVS,"Platanvej 134, 8700 Horsens"
DK9623534576,Nord Assist Løsninger,"Dalvej 139, 5000 Odense C"
DK6231117883,Sjællandsk Detail IVS,"Kongensgade 55, 4800 Nykøbing F"
DK8106906538,Byggeri P/S,"Skovvej 44, 5700 Svendborg"
DK1664847319,Fynsk Systemer Gruppe,"Dronningensgade 75, 6100 Haderslev"
DK9303285822,Rådgivning A/S,"Hasselvej 12, 2650 Hvidovre"
DK5774080233,Sjællandsk Prime Rådgivning,"Nørremarksvej 45, 3660 Stenløse"
DK7625464411,Blå Royal Handel,"Bellisvej 55, 8000 Aarhus C"
DK3553440342,Øst Next Fragt K/S,"Stationsvej 10, 7800 Skive"
DK9807209816,Vest International Lager A/S,"Havnevej 21, 4300 Holbæk"
DK8339176912,Guld Rådgivning,"Slotsgade 6, 5800 Nyborg"
DK8285786023,Drikke IVS,"Slotsgade 73, 4700 Næstved"
DK2351531223,Tekstil A/S,"Birkevej 98, 3460 Birkerød"
DK6928691380,Guld Standard Byggeri,"Lavgade 87, 4200 Slagelse"
DK8377088167,Kvalitets Møbel K/S,"Vestergade 29, 5700 Svendborg"
DK3987248494,Teknologi IVS,"Jernbanegade 39, 3460 Birkerød"
DK7533932947,Blå Fragt,"Elmevej 100, 4100 Ringsted"
DK8055556030,Europæisk Super Engros Gruppe,"Egevej 39, 3520 Farum"
DK9786748825,Nord Pure Lager P/S,"Jasminvej 17, 5800 Nyborg"
DK8826851692,Handel IVS,"Fyrrevej 90, 3400 Hillerød"
DK8478529823,Kvalitets Service Engros,"Ringvejen 139, 5800 Nyborg"
DK4034047118,Jysk Byggeri,"Bellisvej 15, 2100 København Ø"
DK7099469983,Nord Rådgivning,"Granvej 62, 2800 Lyngby"
DK4882343658,Vest Industri Group,"Bredgade 17, 2750 Ballerup"
DK2825989011,Grøn Pro Spedition,"Lupinvej 92, 4000 Roskilde"
DK3303082117,Handel I/S,"Skolevej 22, 2670 Greve"
DK9957813353,Kvalitets Ingeniør,"Solsikkevej 130, 4700 Næstved"
DK1422701550,Skandinavisk Organic Detail,"Tulipanvej 56, 2670 Greve"
DK1667779376,Sølv Discount Fødevare,"Fasanvej 4, 9800 Hjørring"
DK9922723063,Sølv Systemer Gruppe,"Jasminvej 149, 9800 Hjørring"
DK1311570307,Gul Produktion Holding,"Lupinvej 107, 7500 Holstebro"
DK4311931853,Skandinavisk Industri,"Bellisvej 140, 7100 Vejle"
DK7805745017,Syd Link Møbel,"Mosevej 84, 2620 Albertslund"
DK6642201119,Kvalitets Lager,"Nørremarksvej 107, 4400 Kalundborg"
DK8737025391,Kongelig Produktion,"Solsikkevej 20, 6700 Esbjerg"
DK5510938155,Syd Systemer Holding,"Kongensgade 36, 8000 Aarhus C"
DK4466589567,Industri I/S,"Lillegade 62, 2650 Hvidovre"
DK2227193073,Rød National Produktion ApS,"Dronningensgade 89, 4300 Holbæk"
DK1965067727,Dansk Mega Møbel,"Platanvej 53, 2100 København Ø"
DK5871743247,Kongelig Budget Rådgivning A/S,"Stationsvej 68, 8200 Aarhus N"
DK2812140441,Europæisk Globe Møbel Koncern,"Kirkevej 132, 7400 Herning"
DK4095476665,Grøn Drikke Group,"Klostervej 65, 8800 Viborg"
DK9285415473,Jysk Detail,"Dronningensgade 59, 2200 København N"
DK4482141802,Vest Detail Gruppe,"Adelgade 125, 8800 Viborg"
DK6317189421,Grøn First Industri Gruppe,"Nørremarksvej 143, 6100 Haderslev"
DK6241752544,Butik Holding,"Lindevej 103, 2100 København Ø"
DK1127978094,Syd Quality Engros,"Bellisvej 44, 4400 Kalundborg"
DK7567496105,Detail Group,"Syrenvej 58, 6400 Sønderborg"
DK3880327491,Drikke Gruppe,"Strandvejen 122, 4600 Køge"
DK4361393222,Blå Rapid Teknologi Holding,"Bredgade 15, 5800 Nyborg"
DK3746317213,Øst Byggeri K/S,"Dronningensgade 150, 7500 Holstebro"
DK7597996327,Fynsk Drikke,"Vibevej 65, 4600 Køge"
DK1798112150,Syd Produktion,"Torvet 41, 5700 Svendborg"
DK6687206971,Skandinavisk Network Møbel Koncern,"Strandvejen 83, 7500 Holstebro"
DK9123612497,Sort Løsninger K/S,"Jasminvej 13, 4600 Køge"
DK3479708607,Rød Handel Holding,"Kløvervej 129, 4000 Roskilde"
DK8763140509,Nord Lager,"Fasanvej 73, 8000 Aarhus C"
DK2960488639,Europæisk Network Rådgivning,"Algade 38, 2635 Ishøj"
DK4993808565,Bronze World Byggeri,"Søndermarken 100, 4400 Kalundborg"
DK2145921803,Byggeri I/S,"Vibevej 128, 2820 Gentofte"
DK4965395580,Forarbejdning Gruppe,"Dalvej 111, 4700 Næstved"
DK2047905204,Rød Super Produktion K/S,"Algade 47, 2620 Albertslund"
DK8507497883,Sjællandsk Connect Ingeniør ApS,"Lavgade 36, 2630 Taastrup"
DK3196545325,Øst Specialist Løsninger A/S,"Syrenvej 55, 7500 Holstebro"
DK5728765136,Gul Ingeniør,"Sct. Annagade 109, 4600 Køge"
DK6805759868,Hvid Rådgivning Group,"Kastanjevej 56, 8800 Viborg"
DK6488854841,Lager ApS,"Lillegade 24, 4400 Kalundborg"
DK5646751885,Fynsk Byggeri I/S,"Torvet 3, 3600 Frederikssund"
DK3783290795,Vest Løsninger,"Strandvejen 57, 7500 Holstebro"
DK7146318035,Ingeniør Koncern,"Jernbanegade 94, 1000 København K"
DK4332894265,Gul Clean Spedition,"Jasminvej 7, 1000 København K"
DK2094024844,Fynsk Engros Koncern,"Slotsgade 25, 1000 København K"
DK8588769565,Jysk Forarbejdning,"Skovvej 14, 2670 Greve"
DK4633987776,Øst Produktion Group,"Storegade 113, 4100 Ringsted"
DK4712367625,Gul Løsninger,"Bakkevej 123, 8800 Viborg"
DK6242173772,Øst Fragt Group,"Kirkevej 149, 7400 Herning"
DK5067116918,Rådgivning ApS,"Syrenvej 42, 2750 Ballerup"
DK4783282817,Bronze Secure Industri,"Hasselvej 30, 6100 Haderslev"
DK9894264595,Grøn Fast Engros,"Lindevej 53, 2635 Ishøj"
DK8429141456,Fynsk Future Møbel,"Ringvejen 99, 5000 Odense C"
DK8879525611,Kvalitets Link Fragt,"Storegade 50, 2620 Albertslund"
DK3328710672,Jysk Specialist Ingeniør I/S,"Strandvejen 145, 2600 Glostrup"
DK3343292475,Hvid Byggeri Gruppe,"Ahornvej 47, 6700 Esbjerg"
DK7517938612,Jysk Partner Lager,"Platanvej 48, 4100 Ringsted"
DK2811967841,Øst Pro Løsninger,"Lupinvej 72, 1000 København K"
DK1083651970,Sølv Elite Produktion,"Sct. Annagade 110, 9800 Hjørring"
DK5161807235,Syd Butik,"Jasminvej 136, 4600 Køge"
DK7665963761,Kongelig Industri,"Elmevej 107, 4200 Slagelse"
DK4226113732,Guld Spedition,"Jasminvej 82, 6400 Sønderborg"
DK8316648259,Kvalitets Energetic Engros,"Kirkevej 119, 7400 Herning"
DK6923206003,Nord Allied Industri K/S,"Brogade 14, 2630 Taastrup"
DK2699887270,Kongelig Best Tekstil,"Slotsgade 100, 2670 Greve"
DK3792347639,Sølv Handel,"Skolevej 46, 5800 Nyborg"
DK4460967357,Dansk Prime Industri,"Kløvervej 17, 4200 Slagelse"
DK7166868574,Kvalitets Industri,"Ahornvej 93, 2100 København Ø"
DK9592390865,Grøn Teknologi,"Kirkevej 52, 3660 Stenløse"
DK7333678472,Løsninger Holding,"Lærkevej 43, 7500 Holstebro"
DK8184602688,Rød Ingeniør,"Klostervej 145, 7100 Vejle"
DK3693985578,Nord Assist Drikke,"Stationsvej 139, 2635 Ishøj"
DK3875303857,Detail P/S,"Hovedgaden 23, 8200 Aarhus N"
DK2320763135,Guld International Teknologi,"Lindevej 61, 4300 Holbæk"
DK7540301973,Sort Eco Produktion,"Jernbanegade 47, 2600 Glostrup"
DK2188332531,Bronze Global Produktion A/S,"Platanvej 33, 4700 Næstved"
DK6464693977,Rød Fødevare,"Elmevej 32, 8200 Aarhus N"
DK9916336966,Sølv Tekstil,"Fasanvej 81, 5000 Odense C"
DK8033702319,Drikke Koncern,"Hovedgaden 23, 2670 Greve"
DK7462972995,Sølv Natural Systemer,"Elmevej 138, 4800 Nykøbing F"
DK1939042955,Systemer P/S,"Kirkevej 43, 2650 Hvidovre"
DK5659161352,Sjællandsk International Handel,"Hovedgaden 131, 5800 Nyborg"
DK9673185158,Jysk Quick Produktion ApS,"Jasminvej 44, 2200 København N"
DK5570828113,Dansk Ingeniør,"Søndermarken 27, 2820 Gentofte"
DK5837082260,Kvalitets Engros I/S,"Jasminvej 102, 2650 Hvidovre"
DK8531118333,Rød Rådgivning,"Mosevej 42, 4100 Ringsted"
DK2149938334,Sølv Ingeniør,"Klostervej 104, 9900 Frederikshavn"
DK5759234471,Sjællandsk Handel Koncern,"Nørregade 55, 9800 Hjørring"
DK3799264931,Jysk Lager I/S,"Slotsgade 70, 8000 Aarhus C"
DK6583444930,Bronze Solution Handel,"Søndergade 94, 2635 Ishøj"
DK9904586976,Øst Industri Group,"Højgade 149, 1000 København K"
DK5278201677,Rød Teknologi,"Østergade 77, 4600 Køge"
DK7519578899,Blå Systemer,"Hasselvej 1, 2200 København N"
DK2137651678,Blå Drikke,"Bredgade 78, 6000 Kolding"
DK3615507143,Kvalitets Joint Møbel K/S,"Kongensgade 147, 8200 Aarhus N"
DK6882074066,Sjællandsk Power Butik Gruppe,"Hasselvej 139, 8900 Randers"
DK5931025271,Kvalitets Eco Butik,"Egevej 51, 3660 Stenløse"
DK8299146480,Syd Teknologi,"Hasselvej 145, 2670 Greve"
DK9697354961,Gul Byggeri,"Kastanjevej 69, 7500 Holstebro"
DK8854238082,Jysk Integrated Fødevare,"Lupinvej 37, 3500 Værløse"
DK6649827836,Møbel A/S,"Lavgade 28, 6700 Esbjerg"
DK6587537178,Kongelig Systemer K/S,"Algade 30, 2635 Ishøj"
DK2926780541,Løsninger P/S,"Algade 143, 4100 Ringsted"
DK4643576871,Vest Advanced Lager Koncern,"Søndergade 36, 2750 Ballerup"
DK4642197907,Dansk Industri,"Stationsvej 132, 2200 København N"
DK2465576748,Teknologi P/S,"Ringvejen 112, 2100 København Ø"
DK2452066459,Sølv Partner Forarbejdning,"Bellisvej 139, 2100 København Ø"
DK9292791081,Øst Professional Rådgivning,"Bredgade 41, 2630 Taastrup"
DK6923301988,Vest Spedition,"Møllevej 150, 2670 Greve"
DK8086172302,Sort Trade Tekstil I/S,"Nørregade 113, 2620 Albertslund"
DK7418301077,Grøn Help Engros,"Adelgade 7, 3000 Helsingør"
DK6204041308,Grøn Rådgivning ApS,"Ahornvej 137, 3460 Birkerød"
DK8380507338,Fragt K/S,"Lærkevej 6, 5700 Svendborg"
DK9639245200,Fynsk Eco Forarbejdning IVS,"Lindevej 25, 9000 Aalborg"
DK6698759353,Øst Tekstil,"Østergade 31, 3400 Hillerød"
DK4776436931,Europæisk Fragt,"Klostervej 46, 3500 Værløse"
DK6461974809,Kongelig Byggeri K/S,"Møllevej 5, 9800 Hjørring"
DK2970753705,Sort Fragt Group,"Skovvej 78, 6000 Kolding"
DK2566942273,Sort Solution Industri IVS,"Kløvervej 65, 1000 København K"
DK4888749350,Blå Tekstil,"Elmevej 71, 2650 Hvidovre"
DK5284391408,Fragt I/S,"Kongensgade 52, 9800 Hjørring"
DK4590711152,Fødevare Gruppe,"Fasanvej 138, 3000 Helsingør"
DK5748253283,Dansk Super Rådgivning ApS,"Søndermarken 54, 4300 Holbæk"
DK4713453204,Kvalitets Detail IVS,"Bredgade 7, 3460 Birkerød"
DK1547374338,Syd Byggeri Koncern,"Sct. Annagade 97, 9000 Aalborg"
DK6305160342,Hvid Smart Tekstil,"Platanvej 117, 2000 Frederiksberg"
DK1676168421,Europæisk Lager I/S,"Elmevej 10, 8200 Aarhus N"
DK8612747444,Øst National Butik,"Rosenvej 144, 4100 Ringsted"
DK9309500117,Kongelig Integrated Møbel Holding,"Egevej 18, 7500 Holstebro"
DK6704841644,Møbel ApS,"Lavgade 63, 3400 Hillerød"
DK1977515194,Industri ApS,"Mosevej 78, 4100 Ringsted"
DK6491309593,Industri K/S,"Engvej 12, 3500 Værløse"
DK1245522987,Bronze A1 Engros I/S,"Engvej 144, 8600 Silkeborg"
DK9438411468,Gul Royal Butik Group,"Strandvejen 76, 4400 Kalundborg"
DK9080621072,Rød Mega Byggeri,"Hovedgaden 78, 4300 Holbæk"
DK2139027119,Rådgivning Holding,"Poppelvej 5, 3500 Værløse"
DK1546696950,Sort Partner Fragt Gruppe,"Lindevej 113, 2750 Ballerup"
DK1855256552,Skandinavisk Tekstil,"Søndermarken 129, 8200 Aarhus N"
DK6633778586,Skandinavisk Tekstil Koncern,"Elmevej 88, 7800 Skive"
DK7803990970,Vest Link Handel,"Lærkevej 11, 7100 Vejle"
DK4131575764,Teknologi Holding,"Tulipanvej 139, 2000 Frederiksberg"
DK6756332150,Kvalitets Forarbejdning P/S,"Dalvej 78, 8900 Randers"
DK6009268066,Sjællandsk Fødevare ApS,"Nørregade 48, 2620 Albertslund"
DK4645120421,Skandinavisk Løsninger,"Bellisvej 139, 1000 København K"
DK1958682846,Syd Star Byggeri Gruppe,"Dalvej 60, 4700 Næstved"
DK1945826486,Vest World Engros Holding,"Lærkevej 136, 7000 Fredericia"
DK3476426797,Sølv Produktion,"Åvej 134, 4800 Nykøbing F"
DK8293453178,Produktion Group,"Engvej 136, 3460 Birkerød"
DK3319936135,Hvid Detail,"Havnevej 118, 5800 Nyborg"
DK9677466102,Bronze Engros,"Jernbanegade 74, 2800 Lyngby"
DK7887950851,Sølv Fresh Detail P/S,"Hovedgaden 80, 2600 Glostrup"
DK4518871744,Syd Safe Byggeri ApS,"Lupinvej 141, 2100 København Ø"
DK6474354351,Guld Drikke IVS,"Skovvej 19, 2600 Glostrup"
DK5310195918,Teknologi A/S,"Åvej 4, 4400 Kalundborg"
DK9963334018,Vest System Spedition Holding,"Østergade 57, 3660 Stenløse"
DK6618926823,Syd Great Detail,"Kirkevej 103, 2200 København N"
DK2591589823,Vest Innovative Detail,"Lupinvej 56, 7800 Skive"
DK2125089309,Engros ApS,"Strandvejen 115, 4000 Roskilde"
DK3392080953,Rådgivning P/S,"Åvej 116, 7500 Holstebro"
DK3597724331,Dansk First Løsninger,"Lillegade 123, 8200 Aarhus N"
DK2140169349,Vest Produktion,"Søndergade 76, 3400 Hillerød"
DK8235363119,Guld Quick Drikke I/S,"Søndergade 107, 3520 Farum"
DK5972484792,Tekstil Group,"Lupinvej 22, 4000 Roskilde"
DK4131356954,Guld Tekstil Gruppe,"Strandvejen 114, 3660 Stenløse"
DK3316787198,Dansk Direct Løsninger IVS,"Torvet 144, 2635 Ishøj"
DK1594312071,Gul Future Produktion,"Sct. Annagade 88, 2750 Ballerup"
DK1248786714,Dansk Fragt Group,"Bredgade 85, 6400 Sønderborg"
DK7049001493,Nord Systemer Gruppe,"Kirkevej 34, 4800 Nykøbing F"
DK5736462531,Skandinavisk Løsninger A/S,"Elmevej 2, 4400 Kalundborg"
DK7635473142,Dansk Service Fragt,"Syrenvej 114, 8800 Viborg"
DK4877520294,Fynsk Løsninger,"Jasminvej 120, 3660 Stenløse"
